,Title,Price,Old Price,Discount Price,Year,Mileage,Fuel,Engine Volume,Car Class,Engine Power
0,Smart ForTwo,2100 €,,,2006,153.000,Benzin,799,Hečbek,30kW(41KS)
1,Smart ForTwo cdi,5600 €,,,2011,59.000,Dizel,800,Kupe,44kW(60KS)
2,Smart ForTwo NOVOGODISNJI POPUST,1799 €,,,2002,112.425,Benzin,600,Kupe,44kW(60KS)
3,Smart ForTwo 0.8 CDI (može zamena),3100 €,,,2006,137.489,Dizel,799,Hečbek,30kW(41KS)
4,Smart ForTwo 1.0,6900 €,,,2016,51.133,Benzin,998,Kupe,52kW(71KS)
5,Smart ForTwo,1250 €,,,2002,145.000,Benzin,599,Kupe,40kW(54KS)
6,Smart ForTwo,4900,4900,4600 €,2008,128.000,Dizel,799,Kupe,33kW(45KS)
7,Smart ForTwo 600,1900 €,,,2001,119.000,Benzin,600,Kabriolet/Roadster,45kW(61KS)
8,Smart ForTwo /1.0 mhd Servo/,3499 €,,,2010,149.000,Benzin,999,Kupe,45kW(61KS)
9,Smart ForTwo CDI///PASSION (može zamena),3199 €,,,2008,120.000,Dizel,799,Kupe,33kW(45KS)
10,Smart ForTwo,2599 €,,,2007,95.000,Benzin,698,Hečbek,45kW(61KS)
11,Smart ForFour 1.0,6490 €,,,2016,94.898,Benzin,999,Hečbek,52kW(71KS)
12,Smart ForTwo 1.0MHD  NA.VI/CH,5250 €,,,2013,125.522,Benzin,999,Hečbek,45kW(61KS)
13,Smart ForTwo Mhd,4500 €,,,2010,104.564,Benzin,1000,Limuzina,100kW(136KS)
14,Smart ForFour PASSION PANO CH,6999 €,,,2015,67.000,Benzin,998,Hečbek,50kW(68KS)
15,Smart ForTwo,1750 €,,,2003,130.000,Benzin,698,Hečbek,45kW(61KS)
16,Smart ForTwo 0.8 CDI PURE CH,4299,4299,3999 €,2009,101.000,Dizel,799,Kupe,33kW(45KS)
17,Smart ForTwo EQ Električni,15900 €,,,2019,1.415,Električnipogon,111,Hečbek,60kW(82KS)
18,Smart ForTwo 1.0,3250 €,,,2008,155.600,Benzin,998,Kupe,52kW(71KS)
19,Smart ForFour,2500 €,,,2005,100.000,Benzin,1332,Limuzina,70kW(95KS)
20,Smart ForTwo cdi (može zamena),3650,3650,3350 €,2007,180.000,Dizel,800,Kupe,39kW(53KS)
21,Smart ForFour 1.3 B Passion CH,2350 €,,,2005,123.000,Benzin,1332,Hečbek,70kW(95KS)
22,Smart ForFour 1.3 i,1999 €,,,2006,103.000,Benzin,1332,Hečbek,70kW(95KS)
23,Smart ForTwo smart,3500 €,,,2011,70.000,Benzin,1000,Kupe,50kW(68KS)
24,Smart ForTwo,3100 €,,,2007,95.000,Benzin,999,Kupe,45kW(61KS)
25,Smart ForTwo,2100 €,,,2002,117.946,Benzin,600,Kupe,40kW(54KS)
26,Smart ForTwo,2450,2450,1900 €,2006,224.000,Benzin,698,Kupe,45kW(61KS)
27,Smart ForTwo 0.8 CDI,1850 €,,,2002,194.500,Dizel,799,Hečbek,30kW(41KS)
28,Smart ForFour 1.5 Passion CH,2150 €,,,2004,132.000,Benzin,1499,Hečbek,80kW(109KS)
29,Smart ForTwo,3500 €,,,2008,140.000,Benzin,999,Kupe,52kW(71KS)
30,Smart ForTwo 0.8 cdi,3499 €,,,2007,205.000,Dizel,800,Kupe,33kW(45KS)
31,Smart ForTwo Cabrio Brabus,9300,9300,8600 €,2011,66.000,Benzin,999,Kabriolet/Roadster,52kW(71KS)
32,Smart ForTwo 1.0 MHD BRABUS,4990 €,,,2011,129.000,Benzin,999,Kupe,52kW(71KS)
33,Smart ForTwo cdi,3290 €,,,2009,137.000,Dizel,700,Hečbek,33kW(45KS)
34,Smart ForFour 1.0 PURE bussines,6990,6990,6590 €,2016,93.200,Benzin,999,Hečbek,52kW(71KS)
35,Smart ForTwo cope 0.7 N0V,1799 €,,,2003,97.500,Benzin,698,Kupe,45kW(61KS)
36,Smart ForFour 1.1,1950 €,,,2005,83.000,Benzin,1124,Hečbek,55kW(75KS)
37,Smart ForTwo 1.0mhd (može zamena),4499 €,,,2011,119.852,Benzin,999,Kabriolet/Roadster,52kW(71KS)
38,Smart ForTwo 700 b grandstyle,2250 €,,,2006,160.000,Benzin,700,Kupe,45kW(61KS)
39,Smart ForTwo BRABUS (može zamena),5250 €,,,2008,116.920,Benzin,1000,Kabriolet/Roadster,72kW(98KS)
40,Smart ForTwo,2100 €,,,2006,113.172,Benzin,700,Kupe,37kW(50KS)
41,Smart ForTwo mhd,4490 €,,,2009,75.000,Benzin,999,Kabriolet/Roadster,52kW(71KS)
42,Smart ForTwo F-U-L,1690 €,,,2002,120.000,Benzin,599,Kupe,40kW(54KS)
43,Smart ForTwo NOV (može zamena),7450 €,,,2017,95.000,Benzin,999,Kupe,52kW(71KS)
44,Smart ForTwo pulse,2700 €,,,2005,126.231,Benzin,699,Kupe,44kW(60KS)
45,Smart ForTwo  (može zamena),1950 €,,,2002,123.258,Benzin,599,Kabriolet/Roadster,36kW(49KS)
46,Smart ForTwo Brabus,5900 €,,,2009,102.165,Benzin,999,Kupe,72kW(98KS)
47,Smart ForTwo 1.0 MHD,4799,4799,4399 €,2011,81.536,Benzin,999,Kupe,45kW(61KS)
48,Smart ForTwo  (može zamena),2000 €,,,2001,140.000,Benzin,600,Kupe,40kW(54KS)
49,Smart ForTwo,3500 €,,,2009,50.000,Benzin,999,Kupe,52kW(71KS)
50,Smart ForFour 1.5 dci (može zamena),2050 €,,,2006,165.000,Dizel,1499,Hečbek,50kW(68KS)
51,Smart ForFour 1.1,2300 €,,,2005,175.000,Benzin,1100,Hečbek,47kW(64KS)
52,Smart ForFour pano auto matik,7500 €,,,2016,29.000,Benzin,999,Hečbek,52kW(71KS)
53,Smart ForTwo  (može zamena),1650 €,,,2002,130.000,Benzin,600,Kupe,40kW(54KS)
54,Smart ForTwo,4350 €,,,2012,96.930,Benzin,999,Limuzina,45kW(61KS)
55,Smart ForTwo 800cdi brabus look,1599 €,,,2002,203.000,Dizel,799,Kabriolet/Roadster,30kW(41KS)
56,Smart ForTwo Brabus oprema,4750,4750,4500 €,2007,110.000,Benzin,1000,Kabriolet/Roadster,52kW(71KS)
57,Smart ForTwo,1900 €,,,2002,125.327,Benzin,599,Kupe,45kW(61KS)
58,Smart ForTwo CABRIO,3700 €,,,2008,130.000,Benzin,999,Kabriolet/Roadster,52kW(71KS)
59,Smart ForTwo 1.0 mhd,3950 €,,,2010,59.745,Benzin,999,Kupe,45kW(61KS)
60,Smart ForTwo CABRIO,3700 €,,3700 €,2008,130.000,Benzin,999,Kabriolet/Roadster,52kW(71KS)
61,Smart ForFour 1.1,2650 €,,,2005,156.760,Benzin,1124,Limuzina,55kW(75KS)
62,Smart ForTwo CH,2699,2699,2450 €,2006,89.000,Benzin,698,Kabriolet/Roadster,45kW(61KS)
63,Smart ForFour 1.5,2550 €,,,2004,227.000,Benzin,1496,Hečbek,80kW(109KS)
64,Smart ForTwo City,1850 €,,,2002,181.718,Benzin,699,Kupe,45kW(61KS)
65,Smart ForTwo 0.6,1990,1990,1700 €,2003,180.000,Benzin,599,Kupe,45kW(61KS)
66,Smart ForTwo COUPE,2250 €,,,2006,130.200,Benzin,698,Kupe,45kW(61KS)
67,Smart ForFour 1.3...b..,2199 €,,,2004,145.500,Benzin,1332,Hečbek,70kW(95KS)
68,Smart ForTwo,2000 €,,,2004,110.000,Benzin,600,Kupe,40kW(54KS)
69,Smart ForFour,1699 €,,,2004,114.523,Benzin,1124,Hečbek,55kW(75KS)
70,Smart ForTwo 800 CDI,2600 €,,,2006,186.500,Dizel,799,Kupe,33kW(45KS)
71,Smart ForTwo,1790 €,,,2002,115.000,Benzin,599,Kabriolet/Roadster,45kW(61KS)
72,Smart ForTwo Cabrio,2200 €,,,2004,168.263,Benzin,698,Kabriolet/Roadster,45kW(61KS)
73,Smart ForTwo  (može zamena),1500 €,,,2003,120.000,Benzin,600,Kupe,40kW(54KS)
74,Smart ForTwo DIZ EL (može zamena),1990 €,,,2001,307.000,Dizel,799,Hečbek,30kW(41KS)
75,Smart ForTwo,3500 €,,,2007,122.000,Dizel,799,Kupe,33kW(45KS)
76,Smart ForTwo 0.8 passion,1700 €,,,2001,201.198,Dizel,789,Kupe,30kW(41KS)
77,Smart ForFour  (može zamena),1750 €,,,2004,236.696,Benzin,1124,Hečbek,55kW(75KS)
78,Smart ForTwo CDI (može zamena),6500 €,,,2012,129.500,Dizel,799,Kabriolet/Roadster,40kW(54KS)
79,Smart ForTwo cabrio,2700 €,,,2003,170.000,Dizel,799,Kabriolet/Roadster,30kW(41KS)
80,"Smart ForFour 1,5 CDI",2350 €,,,2005,170.000,Dizel,1493,Hečbek,50kW(68KS)
81,Smart ForTwo Cabrio,1590 €,,,2001,112.000,Benzin,599,Kabriolet/Roadster,40kW(54KS)
82,Smart ForFour 1.1,2190 €,,,2006,150.000,Benzin,1124,Hečbek,55kW(75KS)
83,Smart ForTwo,3999 €,,,2009,177.000,Benzin,999,Kabriolet/Roadster,52kW(71KS)
84,Smart ForTwo 600,1700 €,,,2001,149.000,Benzin,600,Kabriolet/Roadster,33kW(45KS)
85,Smart ForTwo limited edition,3799 €,,,2008,143.000,Benzin,999,Kupe,45kW(61KS)
86,Smart ForFour BRABUS 177 HP (može zamena),3790 €,,,2006,121.300,Benzin,1496,Hečbek,130kW(177KS)
87,Smart ForTwo,2150 €,,,2003,110.000,Benzin,698,Kupe,45kW(61KS)
88,Smart ForTwo 800cdi,1950 €,,,2003,188.218,Dizel,799,Kupe,30kW(41KS)
89,Smart ForTwo 0.6 i CABRIO,1590 €,,,2001,125.930,Benzin,599,Kabriolet/Roadster,45kW(61KS)
90,Smart Roadster,1990,1990,1699 €,2001,70.000,Benzin,600,Kabriolet/Roadster,45kW(61KS)
91,Smart ForTwo PASSION,2050 €,,,2003,240.000,Dizel,800,Kupe,30kW(41KS)
92,Smart ForTwo CABRIO TURBO,3199,3199,2899 €,2007,110.000,Benzin,999,Kabriolet/Roadster,61kW(83KS)
93,Smart ForFour  (može zamena),7800 €,,,2016,72.000,Benzin,999,Limuzina,52kW(71KS)
94,Smart ForTwo 0.7 (može zamena),2000 €,,,2004,177.746,Benzin,698,Kupe,45kW(61KS)
95,Smart ForTwo cabrio 1.0 turbo,4400 €,,,2009,98.000,Benzin,999,Kabriolet/Roadster,62kW(84KS)
96,Smart ForTwo  (može zamena),2150 €,,,2001,120.000,Benzin,600,Kabriolet/Roadster,58kW(79KS)
97,Smart ForTwo mhd,4000 €,,,2010,104.000,Benzin,999,Kupe,52kW(71KS)
98,Smart ForTwo,2500 €,,,2003,114.480,Benzin,698,Hečbek,45kW(61KS)
99,Smart ForTwo mhd,4000 €,,4000 €,2010,104.000,Benzin,999,Kupe,52kW(71KS)
100,Smart ForTwo 1.0 mhd,3000 €,,,2008,115.000,Benzin,998,Kupe,44kW(60KS)
101,Smart ForTwo,2500,2500,2200 €,2002,140.000,Benzin,699,Kupe,45kW(61KS)
102,Smart ForTwo,4000 €,,,2008,138.000,Dizel,799,Kupe,33kW(45KS)
103,Smart ForTwo,1050 €,,,2004,50.000,Dizel,800,Hečbek,30kW(41KS)
104,Smart ForTwo,2450,2450,1900 €,2002,146.621,Benzin,600,Kupe,45kW(61KS)
105,Smart ForTwo 800 cdi (može zamena),1900 €,,,2004,174.581,Dizel,800,Kabriolet/Roadster,30kW(41KS)
106,Smart ForTwo 999,8250 €,,,2018,24.101,Benzin,999,Kupe,52kW(71KS)
107,Smart ForTwo T/O/P C1TAJ (može zamena),3200 €,,,2008,97.500,Benzin,999,Kupe,45kW(61KS)
108,Smart ForTwo P.OVOLJNO,2890 €,,,2008,141.000,Benzin,999,Kupe,44kW(60KS)
109,Smart 1.0 mpi nov nov (može zamena),4999 €,,,2008,111.963,Benzin,999,Kabriolet/Roadster,60kW(82KS)
110,Smart ForTwo cdi,3000 €,,,2003,103.600,Dizel,800,Kabriolet/Roadster,30kW(41KS)
111,Smart ForTwo,1950 €,,,2004,177.000,Dizel,799,Hečbek,30kW(41KS)
112,Smart ForTwo 1.0 MHD CH,3850 €,,,2010,102.000,Benzin,999,Limuzina,45kW(61KS)
113,Smart ForTwo CABRIO,2100 €,,,2001,230.582,Benzin,600,Kabriolet/Roadster,40kW(54KS)
114,Smart ForTwo mhd,4199 €,,,2010,131.000,Benzin,998,Kupe,52kW(71KS)
115,Smart ForTwo  (može zamena),3500 €,,,2007,205.000,Benzin,999,Kupe,52kW(71KS)
116,Smart ForFour  (može zamena),Po dogovoru,,Po dogovoru,2007,140.000,Benzin,1332,Limuzina,70kW(95KS)
117,Smart ForTwo,1950 €,,,2001,156.000,Benzin,600,Kupe,43kW(58KS)
118,Smart ForFour 1.5 b brabus,3199 €,,,2007,205.456,Benzin,1500,Hečbek,130kW(177KS)
119,Smart ForTwo 0.6 (može zamena),1999 €,,,2002,186.200,Benzin,595,Kupe,45kW(61KS)
120,Smart ForFour 1.5 /Passion/CH,2350 €,,,2004,157.129,Benzin,1499,Hečbek,80kW(109KS)
121,Smart ForTwo 800 cdi,1850 €,,,2002,233.000,Dizel,800,Kupe,30kW(41KS)
122,Smart ForFour  (može zamena),Po dogovoru,,,2007,140.000,Benzin,1332,Limuzina,70kW(95KS)
123,Smart ForTwo CH,4000,4000,3700 €,2010,106.000,Benzin,999,Kupe,45kW(61KS)
124,Smart ForTwo,1900 €,,,2004,140.000,Benzin,700,Kupe,45kW(61KS)
125,Smart ForFour EQ electric drive (može zamena),16500 €,,,2018,26.000,Električnipogon,999,Hečbek,60kW(82KS)
126,Smart ForFour EQ electric drive (može zamena),15000 €,,,2017,40.200,Električnipogon,999,Hečbek,60kW(82KS)
127,Smart ForFour,1950,1950,1850 €,2006,233.600,Benzin,1124,Hečbek,47kW(64KS)
128,Smart ForTwo 800 cdi,2200 €,,,2003,150.000,Dizel,799,Hečbek,30kW(41KS)
129,Smart ForTwo,1900 €,,,2004,131.350,Benzin,700,Hečbek,37kW(50KS)
130,Smart ForTwo 800 CDI,3250 €,,,2006,180.000,Dizel,799,Kupe,33kW(45KS)
131,Smart ForTwo cdi,2500 €,,,2003,250.000,Dizel,799,Kupe,30kW(41KS)
132,Smart ForTwo,1800 €,,,2001,240.000,Dizel,800,Kabriolet/Roadster,30kW(41KS)
133,Smart ForTwo mhd passion (može zamena),3650 €,,,2009,81.000,Benzin,999,Kupe,52kW(71KS)
134,Smart ForTwo 0.7,1990 €,,,2006,117.069,Benzin,698,Hečbek,45kW(61KS)
135,Smart ForTwo 0.7,1650 €,,,2003,182.000,Benzin,698,Hečbek,45kW(61KS)
136,Smart ForTwo,2000 €,,,2001,151.200,Dizel,800,Kupe,30kW(41KS)
137,Smart ForTwo 700 Turbo (može zamena),1899 €,,,2003,131.000,Benzin,698,Kupe,44kW(60KS)
138,Smart ForFour,2200 €,,,2004,184.765,Benzin,1499,Hečbek,80kW(109KS)
139,Smart ForFour  (može zamena),1599 €,,,2005,220.000,Benzin,1300,Hečbek,70kW(95KS)
140,Smart ForTwo  (može zamena),4150 €,,,2010,92.000,Benzin,999,Kupe,52kW(71KS)
141,Smart ForTwo 1.0 mhd,3990 €,,,2010,149.000,Benzin,999,Kupe,52kW(71KS)
142,Smart ForTwo,3299 €,,,2008,91.000,Dizel,800,Hečbek,33kW(45KS)
143,Smart ForTwo 700,1950 €,,,2005,158.000,Benzin,698,Kupe,37kW(50KS)
144,Smart ForTwo CDI,2550 €,,,2005,121.700,Dizel,799,Kupe,30kW(41KS)
145,Smart ForTwo BRABUS CABRIO Mhd,5000 €,,,2009,116.000,Benzin,999,Kabriolet/Roadster,52kW(71KS)
146,Smart ForFour 1.5 PULSE,2450 €,,,2005,199.838,Benzin,1499,Hečbek,80kW(109KS)
147,Smart ForTwo CABRIO CDI,3700 €,,,2007,129.283,Dizel,800,Kabriolet/Roadster,33kW(45KS)
148,Smart ForTwo 800 CDI P A N O,3650 €,,,2007,110.582,Dizel,799,Kupe,33kW(45KS)
149,Smart ForTwo PAN0RAMA,1890 €,,,2002,186.900,Benzin,600,Kupe,45kW(61KS)
150,Smart ForTwo 800cdi (može zamena),2000 €,,,2003,151.000,Dizel,799,Hečbek,30kW(41KS)
151,Smart Roadster  (može zamena),Po dogovoru,,,2004,11.111,Benzin,698,Kabriolet/Roadster,60kW(82KS)
152,Smart ForTwo  (može zamena),2000 €,,,2004,200.000,Dizel,800,Kupe,30kW(41KS)
153,Smart ForTwo KREDlTI BEZ UCESCA,47 €,,,2006,105.344,Benzin,698,Kupe,45kW(61KS)
154,Smart ForTwo,3199 €,,,2008,145.000,Benzin,999,Kupe,45kW(61KS)
155,Smart ForFour,2150 €,,,2005,177.457,Benzin,1332,Hečbek,70kW(95KS)
156,Smart ForTwo AUT//TWINAMIC (može zamena),8950 €,,,2017,62.000,Benzin,998,Kupe,52kW(71KS)
157,Smart ForTwo,2400 €,,,2005,155.000,Benzin,600,Kupe,40kW(54KS)
158,Smart ForTwo  (može zamena),1450,1450,1250 €,2001,98.521,Benzin,599,Kupe,40kW(54KS)
159,Smart ForTwo 800 cdi,3850 €,,,2008,120.056,Dizel,799,Kupe,33kW(45KS)
160,Smart ForTwo 1.0 mhd,3700 €,,,2011,117.000,Benzin,800,Kupe,45kW(61KS)
161,Smart ForTwo 1.0,5500 €,,,2012,72.000,Benzin,999,Kupe,45kW(61KS)
162,Smart ForTwo Gold Nav 86 (može zamena),4900 €,,,2009,175.000,Benzin,999,Kupe,63kW(86KS)
163,Smart ForTwo 700 TRUESTYLE CABRIO,1850 €,,,2004,120.599,Benzin,698,Kabriolet/Roadster,45kW(61KS)
164,"Smart ForTwo 0,7",2200 €,,,2006,205.000,Benzin,698,Kabriolet/Roadster,45kW(61KS)
165,Smart ForTwo 800cdi,2000 €,,,2004,175.000,Dizel,800,Kupe,30kW(41KS)
166,Smart ForTwo Reg. God. Dana (može zamena),1249 €,,,2001,195.000,Benzin,599,Kupe,39kW(53KS)
167,Smart ForTwo,1500 €,,,2001,144.405,Benzin,599,Kupe,40kW(54KS)
168,Smart ForFour,1550 €,,,2001,93.000,Dizel,800,Hečbek,30kW(41KS)
169,Smart ForTwo 450,1150 €,,,2003,134.000,Benzin,600,Kabriolet/Roadster,44kW(60KS)
170,Smart ForTwo,2500,2500,2050 €,2002,124.000,Benzin,599,Kabriolet/Roadster,40kW(54KS)
171,Smart ForTwo 1.0 BEN NOV,3650 €,,,2007,156.863,Benzin,999,Kupe,52kW(71KS)
172,Smart Roadster 750 (može zamena),4500 €,,,2005,120.000,Benzin,698,Kabriolet/Roadster,74kW(101KS)
173,Smart ForTwo 1.0 Cabrio,4450 €,,,2008,156.300,Benzin,998,Kabriolet/Roadster,75kW(102KS)
174,Smart ForTwo,1800 €,,,2005,105.654,Benzin,698,Kupe,45kW(61KS)
175,Smart ForTwo 0.7,1750 €,,,2003,143.255,Benzin,698,Kupe,45kW(61KS)
176,Smart ForTwo auto (može zamena),1300 €,,,2000,184.000,Benzin,600,Kupe,40kW(54KS)
177,Smart ForTwo Nemačka 84.000 k.m (može zamena),5099 €,,,2010,84.440,Dizel,799,Kupe,40kW(54KS)
178,"Smart ForTwo 700,REG, KLIIMA, F1 (može zamena)",2490 €,,,2004,220.000,Benzin,698,Kupe,55kW(75KS)
179,Smart ForTwo  (može zamena),1500 €,,,2002,152.000,Benzin,599,Kupe,40kW(54KS)
180,Smart Roadster  (može zamena),3400 €,,,2003,150.000,Benzin,699,Kabriolet/Roadster,60kW(82KS)
181,Smart ForTwo,1400 €,,,2001,201.000,Benzin,600,Kupe,40kW(54KS)
182,Smart ForTwo Pure (može zamena),2700 €,,,2006,160.000,Benzin,700,Kupe,43kW(58KS)
183,Smart ForTwo  (može zamena),4200 €,,,2010,78.000,Benzin,1000,Hečbek,44kW(60KS)
184,Smart ForTwo  (može zamena),2800 €,,,2009,150.000,Benzin,999,Limuzina,45kW(61KS)
185,Smart ForTwo nov,1950 €,,,2007,61.000,Benzin,698,Kupe,45kW(61KS)
186,Smart ForTwo,2400 €,,,2005,140.000,Benzin,700,Hečbek,30kW(41KS)
187,Smart ForTwo  (može zamena),4250 €,,,2011,150.200,Benzin,999,Hečbek,52kW(71KS)
188,Smart ForFour 1.0 LUTKICA,3150 €,,,2008,140.000,Benzin,998,Hečbek,45kW(61KS)
189,Smart ForTwo,4450 €,,,2010,115.000,Dizel,800,Hečbek,33kW(45KS)
190,Smart ForTwo,2500 €,,,2006,116.250,Dizel,800,Kupe,33kW(45KS)
191,Smart ForTwo,1500 €,,,2002,144.000,Benzin,698,Kupe,33kW(45KS)
192,Smart ForTwo Kabrio (može zamena),2150 €,,,2001,1.262.060,Benzin,600,Kabriolet/Roadster,40kW(54KS)
193,Smart ForTwo  (može zamena),2000 €,,,2002,230.000,Dizel,800,Kabriolet/Roadster,33kW(45KS)
194,Smart ForTwo COUPE CDI (može zamena),2900 €,,,2005,119.937,Dizel,799,Kupe,30kW(41KS)
195,Smart ForTwo  (može zamena),1850 €,,,2003,115.000,Benzin,698,Kabriolet/Roadster,45kW(61KS)
196,Smart ForTwo cdi,5000 €,,,2008,165.000,Dizel,799,Kabriolet/Roadster,33kW(45KS)
197,Smart ForTwo 600 (može zamena),1500 €,,,2001,134.000,Benzin,600,Kupe,40kW(54KS)
198,Smart ForFour,2500 €,,,2005,101.473,Benzin,1124,Limuzina,55kW(75KS)
199,Smart ForTwo 0.7,1850 €,,,2006,159.124,Benzin,698,Hečbek,45kW(61KS)
200,Smart ForFour 1.1,1999 €,,,2005,235.000,Benzin+Gas(TNG),1100,Hečbek,55kW(75KS)
201,Smart ForTwo 1.0 i Nav Aut,5490 €,,,2014,132.000,Benzin,999,Kupe,45kW(61KS)
202,Smart ForTwo vise komada,1750 €,,,2007,51.000,Benzin,698,Kupe,45kW(61KS)
203,Smart ForTwo  (može zamena),4400 €,,,2008,150.000,Benzin,999,Kabriolet/Roadster,62kW(84KS)
204,Smart ForTwo 0.7T N.O.V. (može zamena),2199 €,,,2006,84.100,Benzin,699,Kupe,46kW(63KS)
205,Smart ForTwo,2700 €,,,2002,130.000,Benzin,599,Kabriolet/Roadster,54kW(73KS)
206,Smart ForTwo 2 (može zamena),2000 €,,,2005,230.000,Dizel,800,Kupe,30kW(41KS)
207,Smart ForTwo,1750 €,,,2002,163.000,Benzin,599,Kupe,40kW(54KS)
208,Smart ForTwo 1.0 Passion oprema,4500,4500,4100 €,2010,129.420,Benzin,999,Kupe,52kW(71KS)
209,Smart ForTwo 1.0 mhd Passion (može zamena),3999,3999,3700 €,2007,122.076,Benzin,999,Kabriolet/Roadster,52kW(71KS)
210,Smart ForTwo CH  POKLON PROBE,1990 €,,,2004,137.676,Benzin,700,Hečbek,45kW(61KS)
211,Smart ForTwo,4100 €,,,2008,137.250,Benzin,999,Kupe,45kW(61KS)
212,Smart ForTwo  (može zamena),1750 €,,,2003,180.000,Benzin,698,Kabriolet/Roadster,45kW(61KS)
213,Smart ForTwo 1.0 PASSION,3499 €,,,2009,118.000,Benzin,998,Kupe,52kW(71KS)
214,Smart ForTwo  (može zamena),2200 €,,,2005,155.096,Benzin,698,Kabriolet/Roadster,45kW(61KS)
215,Smart ForTwo turbo,4200 €,,,2007,137.000,Benzin,997,Kupe,61kW(83KS)
216,Smart ForTwo 0.6,1799 €,,,2002,174.000,Benzin,599,Kupe,45kW(61KS)
217,Smart ForTwo,2300 €,,,2001,200.000,Dizel,799,Kupe,40kW(54KS)
218,Smart ForTwo,3950 €,,,2010,77.000,Benzin,999,Hečbek,52kW(71KS)
219,Smart ForTwo 800cdi (može zamena),2950 €,,,2008,153.616,Dizel,799,Kupe,33kW(45KS)
220,Smart ForTwo  (može zamena),1750 €,,,2002,102.753,Benzin,599,Kupe,40kW(54KS)
221,Smart ForTwo 0.6 (može zamena),1550 €,,,2003,199.000,Benzin,600,Kupe,33kW(45KS)
222,Smart ForTwo 800 cdi,2200 €,,,2003,167.000,Dizel,800,Hečbek,33kW(45KS)
223,Smart ForTwo Turbo,4700,4700,3700 €,2008,100.000,Benzin,998,Kupe,61kW(83KS)
224,Smart ForTwo MHD,3550 €,,,2008,93.854,Benzin,999,Kupe,52kW(71KS)
225,Smart ForTwo 0.8 CDI,2600 €,,,2005,137.677,Dizel,799,Kupe,30kW(41KS)
226,Smart ForTwo,4000 €,,,2008,111.000,Benzin,999,Kupe,52kW(71KS)
227,Smart ForTwo 450 (može zamena),1300 €,,,2001,148.000,Benzin,600,Kabriolet/Roadster,45kW(61KS)
228,Smart ForTwo  (može zamena),2350 €,,,2004,156.000,Benzin,698,Kupe,45kW(61KS)
229,Smart ForTwo CDI,5390,5390,4999 €,2010,157.000,Dizel,800,Kupe,40kW(54KS)
230,Smart ForTwo 0.8 CDI,2100 €,,,2002,215.000,Dizel,800,Hečbek,30kW(41KS)
231,Smart ForTwo Coupe MHD,5290 €,,,2013,86.027,Benzin,999,Kupe,45kW(61KS)
232,Smart ForTwo,2000 €,,,2002,130.000,Benzin,600,Kupe,40kW(54KS)
233,Smart ForTwo  (može zamena),1650 €,,,2001,161.800,Benzin,600,Kupe,39kW(53KS)
234,Smart ForTwo 12344,Po dogovoru,,,2002,12.000,Benzin,600,Limuzina,44kW(60KS)
235,Smart ForTwo,2500 €,,,2006,178.632,Dizel,799,Kupe,30kW(41KS)
236,Smart ForFour 1.1,1950 €,,,2004,137.447,Benzin,1124,Hečbek,55kW(75KS)
237,Smart ForTwo MHD,4200 €,,,2010,134.000,Benzin,999,Kupe,52kW(71KS)
238,Smart ForTwo,3400 €,,,2008,172.000,Dizel,800,Kupe,33kW(45KS)
239,Smart ForTwo,1250 €,,,2002,199.985,Benzin,599,Kupe,44kW(60KS)
240,Smart ForTwo,1999 €,,,2002,155.000,Benzin,599,Hečbek,40kW(54KS)
241,Smart ForTwo,2500 €,,,2006,140.000,Benzin,700,Kupe,44kW(60KS)
242,Smart ForTwo,4500 €,,,2010,121.200,Dizel,799,Kabriolet/Roadster,40kW(54KS)
243,Smart ForFour cdi,2500 €,,,2006,185.000,Dizel,1499,Hečbek,50kW(68KS)
244,Smart ForTwo  (može zamena),1700 €,,,2003,111.100,Benzin,600,Kupe,45kW(61KS)
245,Smart ForTwo  (može zamena),1750 €,,,2002,162.990,Benzin,600,Kabriolet/Roadster,45kW(61KS)
246,Smart ForTwo Cabrio Brabus oprema,1900 €,,,2002,150.000,Benzin,599,Kabriolet/Roadster,40kW(54KS)
247,"Smart ForTwo 0,6 TURBO (može zamena)",1450 €,,,2002,190.000,Benzin,600,Limuzina,44kW(60KS)
248,Smart ForFour PULSE,2650,2650,2200 €,2005,160.000,Benzin,1499,Hečbek,80kW(109KS)
249,Smart ForFour 1.0 Passion,7555 €,,,2016,59.000,Benzin,999,Hečbek,52kW(71KS)
250,Smart Roadster,1550 €,,,2002,141.536,Benzin,599,Kupe,40kW(54KS)
251,Smart ForTwo 700,1490 €,,,2003,177.300,Benzin,699,Kupe,37kW(50KS)
252,Smart ForTwo mhd,3950 €,,,2010,128.611,Benzin,999,Kupe,45kW(61KS)
253,Smart ForTwo,1600 €,,,2000,165.000,Benzin+Gas(TNG),600,Kupe,40kW(54KS)
254,Smart ForFour 1.5,1800 €,,,2004,288.866,Dizel,1499,Limuzina,70kW(95KS)
255,Smart ForTwo  (može zamena),1750 €,,,2002,170.000,Benzin,599,Kabriolet/Roadster,44kW(60KS)
256,Smart ForTwo mhd,4400 €,,,2009,34.480,Benzin,999,Kupe,52kW(71KS)
257,Smart ForTwo passion,2150 €,,,2005,223.600,Benzin,700,Limuzina,45kW(61KS)
258,Smart ForTwo 0.6,1650 €,,,2001,138.000,Benzin,600,Kabriolet/Roadster,40kW(54KS)
259,Smart ForFour 1.5cdi mercedes,2300 €,,,2005,256.000,Dizel,1493,Hečbek,70kW(95KS)
260,Smart ForTwo Pure,2299 €,,,2004,60.750,Benzin,698,Kupe,37kW(50KS)
261,Smart ForTwo  (može zamena),2590 €,,,2005,95.000,Dizel,800,Kupe,30kW(41KS)
262,Smart ForTwo Smart Pure,1500,1500,950 €,2000,191.000,Benzin,599,Hečbek,33kW(45KS)
263,Smart ForTwo CUPE,2350 €,,,2006,124.227,Benzin,698,Kupe,45kW(61KS)
264,Smart ForTwo 0.7,1990,1990,1890 €,2003,155.000,Benzin,698,Kupe,45kW(61KS)
265,Smart ForTwo BRABUS (može zamena),19000,19000,16000 €,2017,27.000,Benzin,999,Kabriolet/Roadster,90kW(122KS)
266,Smart ForTwo 1.0,6700 €,,,2015,99.000,Benzin,999,Kupe,52kW(71KS)
267,Smart ForTwo CABRIO,2250 €,,,2003,136.612,Benzin,698,Kabriolet/Roadster,45kW(61KS)
268,Smart ForFour CDI,1400 €,,,2005,312.500,Dizel,1493,Hečbek,50kW(68KS)
269,Smart ForTwo 0.6 turbo,1900,1900,1700 €,2001,284.000,Benzin,599,Kupe,40kW(54KS)
270,Smart ForTwo CDI pulse,1950 €,,,2001,152.000,Dizel,799,Kupe,30kW(41KS)
271,Smart ForTwo CABRIO SERVO (može zamena),5695 €,,,2008,99.000,Dizel,800,Kabriolet/Roadster,33kW(45KS)
272,Smart ForFour,2099 €,,,2005,120.500,Benzin,1499,Limuzina,80kW(109KS)
273,Smart ForFour 1.5 cdi,2330 €,,,2004,290.000,Dizel,1493,Hečbek,69kW(94KS)
274,Smart ForTwo,1700 €,,,2002,172.099,Benzin,600,Kupe,45kW(61KS)
275,Smart ForFour 1.5 (može zamena),2999 €,,,2005,160.219,Benzin,1499,Hečbek,80kW(109KS)
276,Smart ForTwo 1.0 i Pano Aut,3990 €,,,2009,145.800,Benzin,999,Kupe,52kW(71KS)
277,Smart Roadster,3999 €,,,2003,109.000,Benzin,698,Kupe,60kW(82KS)
278,Smart ForFour 1.5 CDI,2300 €,,,2005,186.084,Dizel,1493,Hečbek,50kW(68KS)
279,Smart ForFour 1.5DCI U.VO.Z CH,2590 €,,,2006,163.748,Dizel,1493,Hečbek,50kW(68KS)
280,Smart ForTwo Cabrio,6250,6250,5750 €,2011,120.322,Dizel,799,Kabriolet/Roadster,40kW(54KS)
281,Smart ForTwo  (može zamena),4000 €,,,2008,80.000,Dizel,800,Kupe,33kW(45KS)
282,Smart ForTwo,2190 €,,,2002,134.700,Benzin,599,Kabriolet/Roadster,45kW(61KS)
283,Smart ForTwo Cabrio (može zamena),2499 €,,,2001,1.400.000,Benzin,600,Kabriolet/Roadster,44kW(60KS)
284,Smart ForFour 1.5 cdi,2500 €,,,2004,240.000,Dizel,1500,Hečbek,50kW(68KS)
285,Smart ForTwo,2350 €,,,2003,184.256,Dizel,799,Kupe,30kW(41KS)
286,Smart ForTwo 0.600 (može zamena),1350 €,,,2002,120.000,Benzin,600,Kupe,40kW(54KS)
287,Smart ForTwo 600 turbo kask o,2350 €,,,2002,10.000,Benzin,599,Kabriolet/Roadster,45kW(61KS)
288,Smart ForTwo coupe passion (može zamena),3900,3900,3700 €,2009,88.000,Dizel,799,Hečbek,33kW(45KS)
289,Smart ForTwo passion,2190,2190,1990 €,2004,101.147,Benzin,698,Kupe,45kW(61KS)
290,Smart ForTwo,1400 €,,,2001,109.576,Benzin,599,Hečbek,33kW(45KS)
291,Smart ForTwo,1700 €,,,2001,151.970,Benzin,599,Hečbek,33kW(45KS)
292,Smart ForTwo 1.0 mhd,3800 €,,,2007,176.000,Benzin,999,Kupe,45kW(61KS)
293,Smart ForTwo,2199 €,,,2002,89.000,Benzin,599,Kupe,40kW(54KS)
294,Smart ForTwo 700,2200,2200,2000 €,2004,145.000,Benzin,700,Kupe,45kW(61KS)
295,Smart ForTwo,6999 €,,,2015,52.000,Benzin,999,Limuzina,52kW(71KS)
296,Smart ForTwo mhd (može zamena),3350 €,,,2009,108.500,Benzin,999,Kupe,45kW(61KS)
297,Smart ForTwo CDI,4450,4450,3990 €,2007,99.000,Dizel,799,Kupe,33kW(45KS)
298,Smart ForTwo Pure 700 turbo (može zamena),2480 €,,,2006,152.000,Benzin,700,Hečbek,45kW(61KS)
299,Smart ForFour 1.5. PASSION (može zamena),2099 €,,,2004,230.000,Benzin,1496,Hečbek,80kW(109KS)
300,Smart Roadster 599 (može zamena),1500 €,,,2002,125.000,Benzin,599,Limuzina,36kW(49KS)
301,Smart ForTwo TURBO,1750 €,,,2003,170.000,Benzin,698,Kupe,37kW(50KS)
302,Smart ForFour,7800 €,,,2016,30.399,Benzin,999,Hečbek,52kW(71KS)
303,Smart ForTwo pasion (može zamena),2199 €,,,2003,170.000,Benzin,696,Kupe,31kW(42KS)
304,Smart ForTwo,4000 €,,,2011,100.000,Benzin,999,Kupe,52kW(71KS)
305,Smart ForTwo,1900 €,,,2004,137.000,Benzin,698,Kupe,37kW(50KS)
306,Smart ForTwo 700,1800 €,,,2005,104.500,Benzin,698,Kupe,45kW(61KS)
307,Smart ForTwo 700 (može zamena),1800 €,,,2005,166.000,Benzin,700,Kupe,37kW(50KS)
308,Smart ForTwo,2999 €,,,2007,123.000,Benzin,999,Kupe,45kW(61KS)
309,Smart ForTwo 700ccm,2500 €,,,2004,170.000,Benzin,698,Kupe,45kW(61KS)
310,Smart ForTwo 800 CDI (može zamena),2699 €,,,2005,207.000,Dizel,799,Kupe,33kW(45KS)
311,Smart ForFour,2200 €,,,2005,220.000,Benzin,1124,Limuzina,55kW(75KS)
312,Smart ForTwo Turbo Pulse,4000 €,,,2008,124.167,Benzin,998,Kupe,61kW(83KS)
313,Smart ForTwo 1.0 mhd,4500 €,,,2010,112.452,Benzin,999,Kupe,45kW(61KS)
314,Smart ForTwo Smart ForTwo,3690 €,,,2009,116.061,Dizel,799,Kupe,33kW(45KS)
315,Smart ForTwo,1100 €,,,2003,1.000,Benzin,600,Kupe,44kW(60KS)
316,Smart ForTwo,Po dogovoru,,,2002,133.500,Benzin,600,Kupe,44kW(60KS)
317,Smart ForTwo 1.0,6000 €,,,2015,117.000,Benzin,998,Kupe,52kW(71KS)
318,Smart ForTwo 0.6 turbo,1400 €,,,2002,136.000,Benzin,598,Kupe,33kW(45KS)
319,Smart ForTwo  (može zamena),3650 €,,,2007,127.000,Benzin,999,Kupe,62kW(84KS)
320,Smart ForFour 999,5450 €,,,2015,54.000,Benzin,999,Hečbek,52kW(71KS)
321,Smart ForTwo 1.0 Garaziran,8790,8790,7980 €,2017,16.250,Benzin,999,Kupe,45kW(61KS)
322,Smart ForTwo passion (može zamena),1899 €,,,2004,200.000,Benzin,698,Kupe,45kW(61KS)
323,Smart ForTwo,4200 €,,,2012,140.000,Benzin,999,Kupe,45kW(61KS)
324,Smart ForTwo cabrio TURBO,2390 €,,,2003,130.000,Benzin,700,Kabriolet/Roadster,45kW(61KS)
325,Smart ForTwo cdi (može zamena),1900 €,,,2001,201.252,Dizel,799,Kupe,30kW(41KS)
326,Smart ForTwo  (može zamena),1899 €,,,2003,128.000,Benzin,598,Kupe,35kW(48KS)
327,Smart ForTwo 0.9T cdi,6000,6000,5500 €,2013,71.568,Dizel,800,Kupe,40kW(54KS)
328,Smart ForFour 1.5 CDI,2200 €,,,2004,280.000,Dizel,1493,Hečbek,70kW(95KS)
329,Smart ForTwo Coupe,4500 €,,,2012,119.800,Benzin,999,Limuzina,52kW(71KS)
330,Smart ForTwo 600,2350 €,,,2006,180.000,Benzin,600,Kupe,37kW(50KS)
331,Smart ForTwo 700 TURBO (može zamena),2350 €,,,2003,153.000,Benzin,700,Kupe,45kW(61KS)
332,Smart ForTwo  (može zamena),Po dogovoru,,,2002,137.515,Benzin,599,Kupe,33kW(45KS)
333,Smart ForFour 1.5 dci (može zamena),3000 €,,,2006,297.000,Dizel,1500,Hečbek,70kW(95KS)
334,Smart ForTwo 1.0  Mhd F1,4690 €,,,2011,40.406,Benzin,999,Hečbek,52kW(71KS)
335,Smart ForTwo 0.7 pure turbo,2350 €,,,2005,120.000,Benzin,700,Hečbek,52kW(71KS)
336,Smart ForFour brabus look,2300 €,,,2004,217.000,Benzin,1125,Hečbek,55kW(75KS)
337,Smart ForTwo 0.8 CDI,2500 €,,,2006,162.000,Dizel,799,Kabriolet/Roadster,30kW(41KS)
338,Smart ForTwo Smart Fortwo Coupe (može zamena),7500 €,,,2017,43.000,Benzin,999,Kupe,52kW(71KS)
339,Smart ForTwo,3500 €,,,2008,130.000,Benzin,998,Kupe,52kW(71KS)
340,Smart ForTwo 1.0 kabrio,6790 €,,,2015,45.000,Benzin,999,Kabriolet/Roadster,52kW(71KS)
341,Smart ForTwo,1850 €,,,2001,206.480,Dizel,799,Kupe,30kW(41KS)
342,Smart ForTwo,4700,4700,4100 €,2010,84.000,Benzin,1000,Kupe,71kW(97KS)
343,"Smart ForFour 1,5 cdi",2800,2800,2600 €,2006,269.700,Dizel,1493,Limuzina,50kW(68KS)
344,Smart ForTwo,2450 €,,,2008,170.000,Benzin,998,Kupe,55kW(75KS)
345,Smart ForTwo,2950 €,,,2006,157.000,Benzin,698,Kupe,45kW(61KS)
346,Smart ForTwo,7300 €,,,2015,57.430,Benzin,57457,Kupe,52kW(71KS)
347,Smart ForTwo 0.8 d,2350 €,,,2003,140.000,Dizel,790,Kupe,30kW(41KS)
348,Smart ForTwo 0.6 (može zamena),1900 €,,,2002,210.315,Benzin,599,Kupe,45kW(61KS)
349,Smart ForTwo njicko,1900 €,,,2002,150.000,Benzin,599,Hečbek,33kW(45KS)
350,Smart ForTwo Cabrio Pulse oprema,Po dogovoru,,,2002,190.000,Benzin,599,Kabriolet/Roadster,45kW(61KS)
351,Smart ForTwo,2100,2100,1800 €,2002,124.000,Benzin,600,Kabriolet/Roadster,40kW(54KS)
352,Smart ForTwo,4100 €,,,2008,165.000,Benzin,999,Kupe,52kW(71KS)
353,Smart ForTwo,1750 €,,,2001,161.800,Benzin,599,Kabriolet/Roadster,45kW(61KS)
354,Smart ForTwo,12550 €,,,2018,45.000,Benzin,999,Kupe,52kW(71KS)
355,Smart ForTwo 450 CDI (može zamena),2000 €,,,2003,131.300,Dizel,799,Kupe,30kW(41KS)
356,Smart ForTwo 1.0i mhd cabrio,4700 €,,,2012,75.800,Benzin,999,Kabriolet/Roadster,52kW(71KS)
357,Smart ForTwo,4200 €,,,2008,110.000,Benzin,999,Kabriolet/Roadster,52kW(71KS)
358,Smart ForTwo Reg (može zamena),1600 €,,,2002,156.800,Benzin,599,Kupe,40kW(54KS)
359,Smart ForTwo,3500 €,,,2011,175.000,Benzin,1000,Kupe,52kW(71KS)
360,Smart ForFour 1.5 CDI Leather,2500 €,,,2005,146.000,Dizel,1493,Hečbek,70kW(95KS)
361,Smart ForTwo  (može zamena),1660 €,,,2003,134.000,Benzin,600,Kupe,45kW(61KS)
362,Smart ForFour  (može zamena),2500 €,,,2006,235.000,Dizel,1500,Hečbek,70kW(95KS)
363,Smart ForTwo,2100 €,,,2006,134.218,Benzin,698,Kupe,45kW(61KS)
